{"cameraMode":{"drawMode":0,"name":"Shaded","section":"Shading Mode"},"sceneLighting":true,"audioPlay":false,"sceneViewState":{"m_AlwaysRefresh":false,"showFog":true,"showSkybox":true,"showFlares":true,"showImageEffects":true,"showParticleSystems":true,"showVisualEffectGraphs":true,"m_FxEnabled":true},"in2DMode":false,"pivot":{"x":-0.25872325897216799,"y":3.4812278747558595,"z":2.8237686157226564},"rotation":{"x":0.12034060806035996,"y":0.8711573481559753,"z":-0.2651912569999695,"w":0.395321249961853},"size":16.49452781677246,"orthographic":false}